product_id,product_class_code,product_price,product_quantity_available,product_length,product_width,product_height,product_weight
1,7,4245.65,988,30,16,36,3.15
2,8,676.16,543,21,11,45,5.18
3,8,213.77,798,17,25,25,2.57
4,1,3108.53,449,13,46,24,2.71
5,9,3795.44,672,18,17,24,8.33
6,4,4529.85,310,39,10,40,1.49
7,5,2939.85,198,20,19,30,2.38
8,9,3234.45,666,33,43,16,7.6
9,2,3885.34,850,31,24,46,7.34
10,1,2413.47,455,16,41,22,9.6
11,9,3165.89,419,23,21,33,5.96
12,3,2086.09,163,37,14,34,4.17
13,6,3579.94,576,23,21,26,6.54
14,6,4803.32,326,41,23,22,1.12
15,7,2662.88,809,10,46,27,8.55
16,2,3184.54,192,22,18,17,5.39
17,2,2704.32,870,45,26,43,4.3
18,4,2086.34,768,28,19,41,3.03
19,1,2711.11,827,28,23,15,2.53
20,10,1848.39,980,42,33,36,4.63
21,6,3978.33,50,49,21,25,6.47
22,7,3031.99,101,19,36,27,4.16
23,5,4650.28,282,44,40,27,1.56
24,1,474.45,448,21,49,48,7.08
25,1,4587.48,260,11,32,35,5.32
26,5,1424.72,296,38,28,42,2.35
27,9,804.43,503,10,24,37,8.15
28,9,1318.22,648,16,14,38,0.73
29,4,1842.93,856,12,13,43,2.56
30,5,522.96,323,40,28,20,6.41
31,4,2776.27,495,41,30,14,2.94
32,10,3404.14,528,20,31,18,3.18
33,6,1041.2,766,23,39,25,3.93
34,10,1945.13,663,45,42,37,0.75
35,6,3795.79,617,15,35,13,0.36
36,10,692.79,47,18,35,15,2.75
37,2,3064.78,611,50,39,12,4.1
38,4,2757.91,712,49,30,47,9.75
39,2,4292.59,375,45,47,44,5.58
40,3,2668.3,951,40,35,15,1.53
41,6,3574.65,168,45,25,17,3.01
42,7,4487.18,719,40,20,50,7.96
43,4,4034.97,199,46,41,41,6.61
44,6,2000.11,636,12,11,49,9.65
45,4,3293.06,330,48,28,21,2.78
46,4,2239.04,786,24,25,21,2.57
47,6,2773.32,321,28,34,38,0.73
48,4,3625.07,331,28,19,33,8.89
49,4,2631.05,195,47,19,46,9.18
50,10,4822,42,45,38,10,9.28
51,5,3502.35,137,30,20,40,0.93
52,9,595.65,825,50,27,40,4.42
53,6,2567.41,476,32,29,21,6.48
54,6,4125.15,556,25,43,18,7.02
55,8,3785.74,294,34,47,22,2.88
56,9,2214.64,229,15,23,32,4.44
57,7,2360.85,238,38,28,10,8.66
58,1,3040.82,288,16,27,13,6.63
59,9,3688.81,808,42,29,39,3.64
60,7,389.11,832,15,37,24,2.77
61,8,3931.1,85,48,27,24,5.06
62,5,450.52,468,33,36,11,0.19
63,6,4344.18,433,46,41,28,3.85
64,6,3018.25,219,39,40,47,1.54
65,10,3063.75,668,43,50,15,5.98
66,1,984.66,588,23,42,15,6.53
67,8,126.8,78,27,47,25,2.81
68,8,4253.68,933,46,15,10,2.37
69,8,1380.05,955,50,13,25,9.73
70,4,1150.27,256,41,16,25,8.3
71,8,985.45,66,18,46,10,6.4
72,5,808.78,603,23,20,16,1.25
73,5,924.3,691,45,22,32,5.48
74,8,4863.53,202,26,21,32,5.77
75,1,403.61,598,23,32,34,8.37
76,1,1970.16,84,25,20,36,2.01
77,2,4835.16,833,23,29,48,0.35
78,4,1150.04,335,16,39,20,2.49
79,4,1810.28,374,17,49,33,4.42
80,5,1610.29,595,17,25,28,6.55
81,4,1041.85,64,22,29,34,2.8
82,2,1858.34,114,16,47,18,1.62
83,7,3170.5,379,13,42,43,8.74
84,3,2650.47,145,33,19,16,8.3
85,6,3892.84,812,43,39,46,6.34
86,1,2276.27,93,36,13,13,6.91
87,5,3835.73,788,22,28,43,7.19
88,4,4609.38,835,44,42,17,7.36
89,8,1281.33,63,44,10,49,6
90,6,3539.94,863,17,27,19,6.92
91,3,1451.59,549,26,39,48,0.75
92,9,3509.92,466,50,27,27,2.38
93,5,520.19,536,41,22,13,1.28
94,9,1338.02,399,32,26,45,0.16
95,3,1302.56,440,46,18,44,8.31
96,4,1784.55,636,44,45,46,6.1
97,10,4235.71,174,45,10,20,7.1
98,5,3789.83,790,12,18,26,5.54
99,1,1207.94,992,21,11,45,8.83
100,9,340.89,548,31,41,47,3.16
101,8,2655.28,682,12,50,35,3.17
102,7,1651.47,898,27,37,50,2.64
103,10,3462.08,298,34,32,47,3.38
104,10,3180.45,806,49,44,20,6.57
105,4,1359.44,150,40,30,39,4.47
106,10,2422.85,836,47,35,36,4.3
107,10,1241.96,499,41,16,33,1.43
108,8,3635.14,825,34,46,22,5.44
109,1,4022.95,239,42,11,39,8.85
110,3,1522.04,748,45,17,10,1.1
111,4,3770.51,753,12,44,12,2.09
112,6,863.2,773,17,40,16,6.62
113,8,3349.79,512,24,48,36,3.12
114,4,2589.24,950,12,16,29,9.44
115,6,2076.09,209,22,17,19,4.79
116,4,2179.39,719,38,38,28,5.03
117,10,3740.48,606,45,21,25,6.39
118,9,1748.31,927,17,43,45,1.73
119,2,2381.16,422,27,40,21,7.54
120,8,4496.62,186,23,27,32,3.02
121,6,898.28,885,32,13,29,7.2
122,4,4116.41,370,45,37,28,6.06
123,3,1843.22,996,19,19,36,8.04
124,6,1100.45,848,36,45,11,2.14
125,1,969.47,22,21,24,21,7.47
126,4,3044.84,53,41,22,36,9.86
127,10,2161.57,96,31,14,16,7.51
128,2,3531.69,373,45,27,11,3.24
129,10,1490.11,296,38,31,34,5.29
130,4,737.19,834,35,40,33,1.95
131,10,2371.54,287,50,21,37,7.21
132,5,3454.53,131,49,24,48,1.23
133,4,4893.09,273,45,36,17,3.34
134,6,3087.89,710,47,35,48,1.98
135,8,86.91,705,10,25,33,5.65
136,5,2970.11,8,33,15,15,6.47
137,9,255.44,395,48,13,24,1.42
138,9,3402.57,1,20,18,38,4.16
139,3,3117.73,761,32,22,20,3.58
140,1,3545.59,861,30,39,14,1.99
141,7,77.45,380,41,47,33,8
142,9,4116.72,440,17,25,36,8.21
143,7,1324.79,655,22,34,41,1.85
144,7,3895.46,200,20,43,34,0.28
145,7,4945.4,329,15,37,47,2.41
146,5,4141.88,450,49,37,31,8.61
147,3,224.57,921,24,26,31,7.35
148,2,1654.84,126,26,31,40,9.53
149,3,2416.41,442,14,47,34,0.26
150,7,1724.81,413,17,20,47,7.66
151,9,3813.09,808,12,26,43,9.03
152,6,2675.62,243,12,31,40,5.68
153,8,819.98,533,30,24,37,3.86
154,5,2622.59,391,40,40,48,1.35
155,4,1117.2,284,33,43,47,1.17
156,2,1970.47,577,15,39,30,5.36
157,4,2152.95,400,16,27,21,4.96
158,1,3803.62,981,37,13,40,4.85
159,2,1314.15,472,33,28,34,1.34
160,4,4411.33,10,23,13,36,0.1
161,10,1533.71,451,12,39,16,5.34
162,5,3858.78,554,38,36,47,2.97
163,4,1225.45,375,48,21,17,8.74
164,6,1419.22,575,19,21,45,5.11
165,10,3935.08,765,31,48,28,2.12
166,9,1680.18,964,21,29,31,5.23
167,8,3507.54,684,40,35,17,5.69
168,3,4645.53,519,12,23,42,5.72
169,9,2063.45,210,39,41,16,7.11
170,9,2510.68,352,18,34,42,8.92
171,2,136.85,591,30,10,17,5.82
172,8,3436.31,974,28,26,29,6.45
173,1,707.41,868,12,47,21,4.62
174,8,3269.63,364,49,33,35,3.09
175,7,2967.1,181,14,27,40,2.88
176,4,3318.24,649,34,37,31,4.32
177,8,3566.63,990,35,21,29,3.21
178,10,4998.23,149,49,21,27,1.38
179,10,2017.27,226,31,27,26,2.87
180,4,1969.54,424,33,23,45,6.92
181,6,3482.97,354,42,45,34,7
182,4,4164.49,943,17,32,49,2.24
183,6,1826.26,755,20,45,38,8.67
184,9,323.44,22,18,22,44,8.52
185,8,4918.24,720,27,25,46,5.44
186,7,2937.54,66,39,29,14,8.76
187,6,1138.46,726,29,43,40,3.46
188,4,875.6,585,28,43,42,9.83
189,10,3388.69,121,44,12,40,2.48
190,5,335.74,543,12,37,48,8.18
191,2,700.59,175,40,34,27,6.14
192,9,650.28,586,48,13,48,5.14
193,3,4465.6,141,27,42,31,9.33
194,5,2526.34,910,33,26,25,7.99
195,5,2448.93,726,41,28,48,9.01
196,8,2540.77,747,25,19,28,6.02
197,5,1830.03,922,11,49,47,1.95
198,9,3532.4,778,27,32,17,7.29
199,6,2795.23,354,11,40,17,4.17
200,1,1236.86,527,22,25,27,0.34
201,1,2494.57,890,20,22,50,3.4
202,10,2655.36,249,39,23,21,7.34
203,4,429.38,855,29,35,40,9.58
204,7,657.27,988,18,18,20,0.76
205,8,4635.05,189,40,29,49,3.05
206,7,1213.48,23,18,11,26,5.46
207,10,652.11,579,47,46,28,5.24
208,2,207.18,575,37,14,17,1.69
209,8,4095.76,513,30,40,29,1.81
210,4,156.87,110,48,20,39,3.78
211,8,4255.48,214,18,49,23,2.26
212,1,1817.79,235,36,32,14,7.14
213,4,1195.65,421,22,30,34,0.81
214,6,1994.5,308,39,27,28,8.87
215,7,3919.01,398,20,29,13,5.5
216,4,2870.94,653,27,14,34,1.9
217,2,1204.76,533,44,31,39,3.58
218,3,2942.92,223,37,35,34,5.89
219,5,2143.87,746,45,16,48,6.65
220,5,1789.56,261,24,10,44,8.94
221,2,890.3,365,48,14,34,4.93
222,6,3809.43,350,24,11,18,6.45
223,3,981.9,811,35,38,36,0.72
224,5,778.39,795,42,50,30,3.41
225,2,3358.06,684,43,35,10,9.77
226,8,3232.49,249,27,39,33,9.22
227,9,3482.45,37,50,23,33,0.84
228,3,1650.8,119,18,39,33,9.77
229,9,4148.02,566,10,39,40,0.23
230,3,1681.16,414,50,35,41,5.17
231,4,1129.59,425,20,36,50,5.61
232,8,2216.19,968,18,29,29,5.23
233,4,4494.32,485,17,20,15,8.28
234,2,2736.89,78,17,36,42,9.56
235,9,1995.21,48,38,29,23,9.01
236,1,4149.83,434,41,32,36,8.44
237,10,302.91,68,36,38,28,0.86
238,1,4396.95,589,27,18,10,6.25
239,2,4496.2,368,40,15,13,4.77
240,1,4159.75,302,35,42,21,0.3
241,1,4187.03,428,47,11,46,9.72
242,10,4964.91,881,36,13,37,1.92
243,5,97.15,651,27,31,43,1.73
244,9,4346.99,644,33,23,16,0.48
245,4,682.82,46,32,35,35,9.81
246,6,481.03,527,22,19,13,2.98
247,5,1012.24,524,37,36,18,2.78
248,1,233.62,375,34,33,47,7.23
249,1,3753.81,666,32,22,39,2.72
250,7,3768.48,978,32,13,16,2.25
251,3,4953.45,589,15,11,42,7.43
252,5,41.53,901,31,11,37,9.97
253,3,3116.01,720,37,41,23,5.12
254,6,3375.51,162,20,26,16,4.16
255,4,4874.2,117,43,25,26,1.3
256,3,1199.86,238,32,35,28,5.14
257,1,4703.55,415,22,42,35,5.56
258,3,1973.77,492,11,49,14,9.53
259,10,2449.08,789,20,21,43,2.42
260,5,1387.37,249,24,16,28,1.99
261,5,2309.2,517,19,44,12,0.33
262,4,4306.83,108,33,26,26,6.41
263,5,1191.07,609,44,11,45,3.9
264,1,104.02,54,45,14,22,9.1
265,8,2229.52,423,31,45,41,9.6
266,1,3910.71,103,34,20,32,3.79
267,4,1636.63,632,39,24,35,8.74
268,4,4481.22,236,48,41,36,7.2
269,8,1761.81,204,41,12,40,7.75
270,4,4684.49,758,50,38,14,6.04
271,10,1594.43,206,33,37,23,2.66
272,8,1084.98,597,35,49,35,9.9
273,10,1349.96,34,13,31,10,4.74
274,7,4363.15,944,49,18,14,0.76
275,10,4568.28,189,20,38,34,2.21
276,3,1462.53,436,23,12,40,4.53
277,10,4777.5,408,10,43,11,9.46
278,6,3356.34,592,36,27,40,7.5
279,6,1909.26,466,38,28,18,9.01
280,7,1868.47,532,37,47,33,5.14
281,8,295.6,289,16,15,45,0.4
282,5,3148.82,934,19,15,30,4.3
283,8,1321.39,226,34,38,15,8.88
284,6,1773.41,257,38,43,41,0.36
285,1,305.48,884,19,43,17,7.13
286,2,4028.85,599,10,19,11,9.22
287,6,4103.34,272,37,13,42,7.89
288,6,2854.01,811,25,10,38,3.3
289,4,2753.93,180,32,16,39,10
290,9,4863.1,518,27,29,27,6.91
291,5,1559.72,937,31,16,26,4.28
292,7,2090.02,14,32,31,21,2.8
293,3,157.08,931,36,48,26,1.46
294,6,3874.44,429,31,12,11,9.77
295,6,3400.66,348,10,33,43,2.93
296,3,2963,835,34,31,10,2.74
297,6,3476.48,748,36,24,36,9.38
298,4,1120.53,338,39,26,25,2.92
299,7,3914.69,568,50,24,18,6.35
300,8,4982.94,114,44,33,28,5.06
301,5,177.47,129,26,22,23,6.74
302,9,4057.44,690,36,36,49,5.61
303,3,1497.38,354,30,50,17,8.05
304,8,4863.29,22,13,40,31,0.35
305,3,2838.33,930,21,28,43,8.51
306,7,1954.53,247,49,10,25,5.31
307,5,2570.01,775,32,47,19,1.06
308,7,4524.8,697,46,36,22,7.5
309,9,4245.38,86,14,19,37,1.48
310,8,2343.7,222,22,20,32,9.65
311,10,4277.52,821,25,24,48,0.44
312,6,668.56,898,18,29,39,8.72
313,6,4129.33,866,30,39,19,2.52
314,6,262.38,803,45,29,18,9.56
315,8,2148.17,470,28,40,34,0.33
316,4,2865.13,771,40,42,43,5.48
317,2,3602.78,230,28,35,50,6.01
318,9,4408.68,289,35,19,28,1.93
319,8,4201.21,658,12,42,50,5.63
320,6,4516.06,648,10,36,33,5
321,9,4913.57,151,38,23,25,5.03
322,9,4118.15,794,34,23,10,6.73
323,6,4161.47,53,37,35,33,3.31
324,1,117.58,305,15,17,46,1.83
325,2,4232,173,20,38,37,6.07
326,7,1249.72,221,45,19,47,4.11
327,5,2926.42,159,14,33,44,9.8
328,8,4119.75,349,19,50,11,9.22
329,8,1790.02,935,32,36,19,9.96
330,2,1140,64,42,32,39,3.96
331,10,1174.61,119,28,14,21,0.21
332,3,3567.47,640,44,38,20,2.96
333,4,898.21,511,23,33,27,0.7
334,4,1776.12,777,50,14,15,0.22
335,1,1331.75,521,41,19,27,4.28
336,5,3025.28,382,14,32,27,1.97
337,1,969.94,269,33,11,46,2.59
338,9,3913.33,639,21,24,26,2.84
339,10,4042.6,550,15,10,25,3.94
340,9,2673.36,924,10,16,27,1.64
341,3,1162.09,227,43,39,29,9.49
342,8,4509.75,528,41,44,47,7.27
343,9,548.01,432,44,14,15,4.59
344,3,4929.89,316,33,41,40,4.61
345,1,1694.47,712,18,42,36,2.8
346,2,2460.31,910,20,28,20,3.67
347,3,2714.6,488,47,47,44,8.8
348,5,1569.8,803,30,32,13,9.69
349,1,1757.79,310,36,43,45,5.75
350,4,1128.9,440,16,34,40,9.68
351,2,1069.53,279,17,35,12,5.58
352,4,3425.81,583,12,42,22,9.2
353,7,1522.65,44,42,34,41,4.06
354,5,2665.85,849,17,30,17,7.64
355,8,3505.48,846,40,50,43,8.39
356,9,351.39,871,34,21,46,0.37
357,6,1112.46,49,27,15,39,2.97
358,8,4627.44,184,31,22,21,3.18
359,2,4159.05,43,29,31,11,7.04
360,10,2615.1,432,43,22,44,5.58
361,9,3792.35,130,46,32,46,4.63
362,7,3676.93,45,27,27,28,0.71
363,3,2495.6,165,50,32,21,6.86
364,7,860.7,488,44,26,31,2.32
365,7,102.13,816,15,25,33,5.11
366,9,2757.24,226,15,22,11,1.83
367,5,3286.24,508,44,16,25,4.14
368,6,1104.72,590,43,30,19,6.82
369,5,4124.18,242,42,10,32,2.67
370,3,3373.44,367,13,49,46,7.41
371,6,1241.21,911,15,40,19,4.45
372,8,3140.85,40,13,14,22,7.73
373,4,1409.06,4,30,16,35,7.3
374,2,3442.34,622,20,32,42,2.05
375,7,939.7,95,15,41,34,0.22
376,8,3885.65,207,24,41,36,9.45
377,5,3425.77,4,18,44,31,2.55
378,3,1527.05,179,25,14,25,0.86
379,8,2099.2,649,21,44,28,1.32
380,7,1416.7,785,25,24,21,6.89
381,9,1022.35,84,42,30,12,9.28
382,7,2899.81,8,16,14,46,1.62
383,7,394.13,505,49,26,46,8.61
384,8,3741.91,185,40,49,10,5.1
385,3,4966.58,330,24,17,31,9.68
386,9,4335.19,225,14,43,31,1.56
387,4,2229.16,428,39,17,44,6.4
388,5,2253.57,443,48,49,25,6.85
389,10,2991.01,392,11,49,31,3.01
390,8,2795.65,279,37,43,37,10
391,4,1231.3,887,49,24,38,9.87
392,10,1967.15,561,39,35,20,2.66
393,3,1660.51,981,45,19,49,3.1
394,1,794.38,892,24,11,39,7.48
395,8,965.26,824,41,26,18,2.4
396,3,4605.6,357,45,33,25,9.35
397,1,1477.39,398,43,18,31,9.03
398,6,2843.79,784,25,27,22,8.88
399,8,2933.5,935,13,46,44,7.08
400,1,4024,314,43,16,39,4.65
401,9,3002.06,566,12,31,44,6.94
402,8,2952.33,851,49,29,30,6.09
403,8,1319.43,818,40,45,24,9.36
404,6,4909.03,124,50,26,20,9.53
405,5,1328.79,850,44,42,24,8.46
406,8,875.14,374,19,13,30,2.4
407,4,3174.27,382,10,37,11,4.28
408,6,632.73,750,27,21,37,5.25
409,3,178.52,805,18,43,36,3.15
410,10,103.16,237,26,45,36,3.8
411,8,470.72,596,25,16,24,7.49
412,6,3657.24,619,49,24,16,7.51
413,8,528.33,84,19,34,11,2.93
414,5,221.12,568,32,36,31,8.09
415,3,2806.08,85,29,49,12,5.96
416,5,387.61,855,28,26,26,8.65
417,2,1854.56,870,19,43,13,2.01
418,2,3460.89,374,37,26,16,6.89
419,6,4890.68,415,19,29,10,0.72
420,4,4185.96,141,45,25,49,0.81
421,10,386.27,460,17,16,11,6.78
422,10,2156.46,902,30,24,46,3.17
423,3,2548.76,831,38,20,34,8.81
424,2,3940.23,858,19,33,36,4.36
425,3,4547.49,449,40,42,19,6.4
426,6,4671.21,220,31,16,12,3.16
427,5,3602.72,91,44,49,17,9.5
428,6,923.8,303,26,27,36,6.94
429,10,2294.16,356,17,29,46,9.58
430,1,4281.41,528,45,48,19,5.77
431,9,3797.78,452,19,37,40,4.4
432,10,3391.29,17,47,10,39,9.43
433,1,2617.27,908,27,38,24,4.85
434,3,4988.57,646,39,27,32,4.16
435,2,4861.43,966,49,32,40,8.51
436,6,1671.18,165,31,47,31,2.21
437,5,1827.35,587,43,11,22,8.63
438,10,2152.43,472,15,24,43,0.23
439,9,1575.27,771,43,28,36,9.78
440,8,4004.96,592,23,20,24,9.11
441,2,867.45,169,17,44,39,7.54
442,2,2865.14,36,30,11,37,0.79
443,6,877.22,678,20,42,49,1.96
444,10,3564.16,991,43,26,30,6.7
445,3,3369.02,823,39,11,19,7.38
446,1,312.93,542,12,33,21,5.99
447,5,2960.46,86,39,36,38,9.75
448,1,2318.13,63,42,49,22,3.91
449,3,3463.1,592,36,32,46,7.8
450,5,1575.59,549,19,17,38,5.93
451,3,4612.64,219,43,38,27,8.61
452,1,1256.08,549,15,16,48,9.6
453,3,1477.48,537,43,11,50,6.27
454,3,3197.88,948,26,24,35,6.46
455,10,2501.76,952,21,48,24,0.66
456,9,834.63,834,47,44,49,3.5
457,4,2530.52,744,42,14,22,7.68
458,2,1593.96,497,44,13,10,8.14
459,1,2487.91,469,42,31,29,9.65
460,1,4366.96,786,45,21,36,7.73
461,1,1488.85,95,34,34,40,3.83
462,4,3145.38,261,29,50,30,3.72
463,1,4092.21,95,48,40,24,5.26
464,1,3052.08,920,48,33,28,3.4
465,2,2116.79,784,16,21,22,5.02
466,5,3760.31,772,24,33,11,1.95
467,9,4375.21,952,45,42,49,0.25
468,7,3716.31,286,24,32,28,0.9
469,7,1452.03,689,37,33,36,4.63
470,1,1235.09,125,10,25,40,8.71
471,9,2625.09,978,23,46,15,8.16
472,3,1708.81,382,23,24,20,7.69
473,2,2885.17,293,25,21,47,8.28
474,1,1920.73,903,31,41,20,8.42
475,3,3595.33,218,48,24,27,1.34
476,3,3490.58,486,37,33,16,8.26
477,4,4173.68,895,45,37,20,7.85
478,7,3127.26,685,17,24,34,9.58
479,10,3492.19,610,38,34,13,4.89
480,1,3957.41,376,28,10,13,6.41
481,8,1976.14,290,22,36,31,3.57
482,8,196.42,364,12,45,19,3.17
483,3,1106.12,621,16,20,13,9.94
484,8,1428.51,122,19,17,17,9.58
485,3,4700.13,331,20,39,25,4.57
486,4,3769.73,299,11,15,18,3.34
487,10,457.06,675,48,22,38,6.13
488,6,4681.54,53,19,19,15,7.83
489,1,3012.67,665,15,37,11,8.8
490,7,3381.27,127,47,50,37,5.99
491,4,2306.58,388,21,33,17,0.82
492,5,1376.45,848,11,37,30,0.66
493,10,4195.11,680,25,10,24,5.95
494,6,3977.86,272,36,38,45,8.76
495,3,3261.73,192,31,45,38,9.18
496,5,1943.8,351,45,50,46,2.81
497,4,2437.89,232,44,45,45,4.6
498,9,1462.66,383,34,49,45,0.6
499,6,3374.89,227,30,37,24,7.25
500,6,978.31,801,14,25,38,0.49
501,10,3648.35,814,45,45,12,0.14
502,6,4335.5,442,28,33,34,6.52
503,7,813.34,808,25,16,22,9.87
504,10,4990.12,95,19,17,41,4.23
505,8,4935.46,233,34,33,44,7.71
506,3,584.29,335,43,26,47,2.02
507,7,3529.19,625,18,15,28,0.21
508,1,3549.89,463,26,14,38,9.04
509,8,1215.44,200,36,20,38,5.99
510,6,3625.88,112,36,50,10,9.25
511,2,3506.18,292,39,14,27,2.4
512,8,3980.83,515,32,16,36,1.84
513,2,4128.97,626,24,22,44,0.11
514,1,1802.95,165,22,16,42,6.88
515,6,1437.91,902,18,39,44,6.62
516,1,2477.6,719,19,17,19,7.83
517,3,2581.59,730,16,30,18,2.76
518,2,2789.33,248,41,35,18,8.98
519,1,4519.63,695,12,45,20,9.09
520,9,650.1,797,13,41,26,0.66
521,3,3926.66,278,16,37,33,1
522,5,541.09,198,35,20,19,2.93
523,8,427.43,258,17,13,25,9.67
524,10,126.35,106,11,35,10,5.28
525,2,1741.78,76,26,16,34,3.93
526,3,2255.88,946,20,28,31,7.24
527,2,324.73,581,13,13,35,9.95
528,6,4510.88,585,48,41,18,7.12
529,3,515.36,678,15,18,38,2.4
530,9,437.11,970,45,14,29,1.75
531,6,1534.9,601,15,27,34,8.49
532,3,3663.7,192,46,46,43,4.81
533,3,341.99,197,36,19,45,1.72
534,6,3917.64,171,28,49,19,4.56
535,4,2828.4,373,16,34,26,1.33
536,9,240.62,767,24,23,46,6.32
537,3,2109.07,749,22,17,32,7.41
538,3,3394.07,110,10,27,35,7.6
539,8,2628.44,698,13,36,32,4.37
540,3,1047.86,167,33,44,27,4.83
541,4,3947.32,614,26,49,38,4.8
542,3,488.55,202,48,34,20,9.53
543,1,1688.06,949,22,50,36,7.19
544,10,877.03,394,17,31,49,0.31
545,1,3747.65,401,11,33,21,8.83
546,2,275.44,839,23,10,25,5.75
547,8,1735.69,532,20,32,18,0.19
548,3,2897.14,680,31,39,13,5.55
549,3,2855.64,756,23,24,36,5.06
550,3,1564.04,805,26,18,32,6.32
551,5,2285.42,761,41,30,29,4.14
552,4,4266.93,139,30,35,49,8.28
553,3,2533.48,522,47,17,27,4.34
554,10,2974.98,753,31,41,20,9.58
555,10,1159.6,300,26,26,45,1.31
556,2,191.23,246,39,23,35,8.39
557,6,3706.73,844,30,45,36,1.45
558,1,2273.96,908,40,24,44,7.47
559,10,1154.03,213,20,16,27,1.69
560,4,3426.67,283,27,43,22,1.4
561,1,2891.59,138,26,25,18,1.23
562,8,2131.48,83,29,19,24,3.22
563,1,141.54,846,11,17,37,0.36
564,10,3453.65,598,29,11,50,1.68
565,5,2669.11,948,49,25,12,7.91
566,5,1471.55,614,24,17,27,3.74
567,4,255.17,688,29,42,14,3.7
568,1,2192.42,528,10,40,19,7.83
569,1,4335.19,571,50,26,12,3.39
570,2,3665.95,583,48,21,22,6.89
571,1,1544.7,930,10,25,16,8.99
572,10,1578.43,772,43,30,14,7.84
573,7,3977.88,55,12,46,26,4.83
574,9,4167.12,161,29,40,31,5.73
575,10,4066.91,520,27,12,13,8.36
576,7,3044.54,529,18,40,16,3.59
577,9,2925.23,416,21,16,45,0.79
578,6,2187.46,699,38,21,24,7.75
579,3,4821.43,11,34,41,42,4.05
580,4,322.79,403,43,32,13,9.37
581,3,1130,657,14,33,50,2.57
582,8,1758.49,627,37,19,21,5.09
583,5,2829.3,360,20,44,39,4.55
584,8,1977.63,2,33,17,23,8.3
585,5,2854.1,561,38,38,12,4.19
586,5,1141.82,969,19,45,41,3.38
587,4,4437.68,733,16,35,13,4.91
588,1,1181,902,27,35,13,7.64
589,3,431.12,946,47,34,46,3.62
590,2,1968.07,215,10,20,40,9.67
591,4,2527.97,416,36,18,38,8.8
592,5,1487.91,891,30,13,29,1.61
593,4,3645.2,542,22,41,15,1.69
594,8,3037.53,731,15,44,26,2.52
595,1,4858.75,415,39,25,19,5.64
596,8,3622.13,335,24,33,28,5.77
597,3,2556.24,533,19,11,29,5.34
598,4,131.63,828,42,23,30,6.71
599,3,1858.66,864,40,48,29,6.94
600,7,2314.89,233,45,47,10,3.03
601,8,1297.94,927,35,46,29,6.58
602,3,1766.25,419,34,38,24,0.69
603,5,4524.67,157,46,22,17,8.38
604,8,166.64,278,48,21,46,3.67
605,7,2855.81,329,28,50,26,6.64
606,4,3548.77,823,43,23,50,2.69
607,9,3383.34,951,34,25,35,2.66
608,8,1714.57,360,44,19,35,8.8
609,3,3710.93,756,27,25,24,5.14
610,7,314.37,104,37,27,26,9.37
611,3,2327.02,212,32,50,29,0.85
612,1,401.42,975,15,42,49,0.31
613,2,1484.75,81,10,24,47,5.45
614,7,4248.89,402,13,15,33,8.27
615,2,598.57,528,22,41,42,5.57
616,3,1430.62,258,24,22,14,6.64
617,5,4347.33,198,16,33,39,9.97
618,1,2270.59,185,13,40,44,2.86
619,3,2014.93,163,44,37,36,0.54
620,9,1621.92,805,45,16,14,5.62
621,7,507.08,606,14,14,33,0.94
622,10,3560.65,399,47,28,44,8.45
623,9,4562.68,128,29,45,16,3.8
624,8,2288.72,733,30,13,33,2.28
625,2,1699,381,35,40,50,3.65
626,7,2539.55,593,26,46,16,7.01
627,5,1702.28,368,23,23,46,9.08
628,6,4796.63,893,36,16,44,3.52
629,7,4708.83,906,33,13,20,2.33
630,3,3114.62,30,37,42,11,7
631,3,3494.86,172,29,40,28,1.44
632,5,688.87,244,37,43,40,1.09
633,5,2994.83,684,34,48,45,2.04
634,8,750.75,795,50,19,32,3.35
635,1,1870.12,21,13,45,12,7.06
636,3,4234.91,444,16,24,11,3.16
637,5,1400.61,659,29,14,36,5.45
638,3,4861.9,335,49,32,13,4.07
639,10,415.78,746,30,16,23,6.68
640,9,1738.87,29,13,45,45,2.12
641,4,679.5,704,35,41,19,9.33
642,9,745.17,544,13,35,29,3.24
643,4,12.71,503,18,15,31,6.45
644,7,987.07,957,48,43,23,0.73
645,8,4032.78,443,40,14,20,2.46
646,4,2436.7,207,18,31,14,2.08
647,10,2387.89,529,47,12,24,2.5
648,9,2551.78,342,29,22,50,8.7
649,1,121.14,76,50,36,26,1.04
650,8,2249.58,322,24,46,29,1.46
651,6,1572.58,99,42,23,23,3.72
652,10,2153.17,626,42,33,44,1.19
653,6,1617.59,205,31,15,25,1.81
654,8,1203.41,345,17,24,38,8.05
655,5,1170.36,480,13,20,12,8.87
656,7,3838.26,937,48,26,15,1.76
657,1,1880.76,792,48,44,14,9.7
658,9,2988.13,750,32,47,13,6.64
659,10,96.89,218,45,34,21,5.66
660,4,2736.37,379,49,44,25,8.4
661,8,381.88,505,38,10,46,4.49
662,5,1760.5,987,24,46,17,6.06
663,1,395.22,300,26,34,43,9.65
664,8,1740.88,353,24,33,31,2.28
665,10,980.05,695,50,42,44,3.3
666,8,161.5,438,10,43,31,4.96
667,7,2778.6,883,50,25,22,1.98
668,8,129.43,892,13,22,44,1.23
669,1,41.25,409,37,35,10,0.57
670,6,4502.61,47,39,34,36,9.51
671,7,4552.5,685,10,14,17,7.49
672,1,4559.85,237,39,48,10,0.44
673,1,4963.76,979,44,10,48,4.32
674,6,496.91,264,41,20,13,0.43
675,4,3292.7,75,18,30,10,5.63
676,7,2607.58,443,37,45,31,3.75
677,7,4981.67,186,15,46,48,7.34
678,1,609.79,150,48,29,36,2.53
679,4,2364.74,411,16,28,11,7.98
680,10,647.94,315,22,26,22,2.15
681,1,157.35,94,16,17,33,7.99
682,9,153.15,230,31,47,25,8.35
683,8,749.27,15,35,21,20,1.93
684,2,24.92,478,45,17,42,8.99
685,10,3667.63,867,20,18,22,6.29
686,4,2868.68,270,42,34,23,0.14
687,6,1868.42,733,19,31,32,7.96
688,4,3802.48,349,32,43,36,3.14
689,5,4973.56,922,15,14,16,5.32
690,9,560.35,56,38,33,14,6.12
691,6,1262.76,280,43,32,27,9.4
692,9,1659.16,623,41,33,50,5.78
693,5,2227.09,526,19,20,19,2.96
694,8,3499.76,185,17,50,42,1.6
695,10,2096.37,744,34,42,49,7.72
696,5,4473.56,842,26,48,40,0.66
697,4,3284.8,440,48,36,50,4.3
698,6,1241.51,435,25,24,24,6.52
699,3,759.34,863,47,15,37,7.68
700,4,1428.08,780,38,48,49,8.36
701,1,4116.87,894,29,42,29,1.5
702,8,4492.89,962,35,26,38,4.46
703,10,391.77,78,16,42,17,1.36
704,10,3728.99,972,44,36,46,6.95
705,8,4437.6,385,14,16,22,3.94
706,3,3313.17,807,30,18,50,5.13
707,3,438.75,60,27,13,28,4.54
708,10,427.54,3,16,48,32,1.54
709,8,3736.38,255,34,18,14,0.43
710,4,794.7,43,31,34,41,2.06
711,5,1331.95,779,12,40,17,6.83
712,8,4390.89,92,40,49,47,1.65
713,2,3526.08,543,21,42,31,4.85
714,7,3909.55,178,49,40,48,9.95
715,9,2292.71,386,31,29,18,7.83
716,10,3824.79,75,46,10,13,4.8
717,8,3820.76,284,37,15,19,0.11
718,6,1100.88,797,37,38,13,8.98
719,1,647.92,417,33,41,34,2.75
720,5,277.06,828,24,22,17,4.94
721,5,1131.07,862,46,41,40,0.91
722,1,2756.02,385,31,34,27,5.87
723,2,1081.33,230,30,20,15,0.39
724,4,2464.62,634,17,15,39,1.91
725,1,3987.12,93,28,39,24,7.6
726,4,1133.62,481,35,46,37,2.73
727,1,3479.31,495,13,11,32,6.77
728,10,2467.24,737,42,34,32,8.85
729,7,4997.92,947,39,43,26,4.78
730,5,2020.17,588,16,42,17,3.21
731,2,2483.79,628,13,35,43,9.5
732,8,2164.83,256,25,44,23,3.19
733,8,2531.49,690,30,42,48,6.17
734,3,310.56,293,38,35,21,8.45
735,8,2613.57,264,26,33,33,3.17
736,7,4544.54,435,28,44,38,4.26
737,4,3913.56,722,18,25,11,0.7
738,8,4711.91,424,47,38,12,8.61
739,4,3531.2,189,39,15,42,1.62
740,4,3728.18,123,14,12,49,1.98
741,3,2887.7,330,44,31,46,5.68
742,5,4736.65,654,13,47,45,3.75
743,2,3429.41,644,34,33,21,1.92
744,10,82.12,926,40,35,27,0.85
745,10,261.48,497,39,24,39,6.04
746,8,3556.56,106,34,32,50,1.77
747,5,2050.67,684,49,24,34,9.99
748,10,3303.57,734,38,48,47,7.21
749,8,4972.16,421,14,29,44,5.26
750,5,2699.79,6,36,19,19,7.07
751,8,4762.18,487,12,33,27,8.58
752,5,1636.68,904,40,47,30,5.51
753,3,722.23,545,19,44,27,9.86
754,8,2557.98,702,47,20,46,0.71
755,8,577.27,154,46,42,35,5.12
756,6,3614.73,346,27,45,17,1.18
757,8,3961.84,67,29,38,27,6.03
758,6,2614.21,322,16,24,47,0.76
759,3,3012.86,63,32,42,32,2.02
760,2,118.33,176,25,20,17,0.13
761,9,1178.11,195,48,33,26,1.25
762,10,2852.51,668,21,11,23,4.74
763,2,131.4,600,18,36,35,8.87
764,6,4604.71,640,26,32,19,0.95
765,2,1165.45,780,33,45,30,4.51
766,3,160.77,278,40,29,11,5.66
767,3,4597.84,663,13,30,11,4.19
768,1,4664.35,516,22,48,16,6.57
769,4,1589.14,103,15,15,33,8.14
770,9,4579.84,108,19,12,21,2.54
771,10,4760.53,346,18,13,18,1.98
772,1,3570.81,685,47,26,15,9.78
773,4,2063,214,23,49,43,5.46
774,5,4239.66,986,10,30,14,4.47
775,5,110.91,596,12,18,16,6.89
776,1,2333.99,867,30,11,44,6.83
777,6,1066.31,723,15,50,45,1.05
778,3,188.06,441,22,45,35,1.26
779,4,2192.92,613,44,47,10,5.51
780,9,1825.94,100,35,34,42,3.47
781,2,3835.3,517,47,44,18,9.62
782,3,1663.76,707,46,14,36,3.2
783,8,2670.78,914,40,31,14,0.69
784,9,1130.7,284,20,42,49,1.55
785,8,4801.02,928,12,15,22,9.54
786,7,3357.64,710,14,16,36,5.74
787,8,4507.73,308,19,40,39,7.44
788,1,2770.74,902,37,38,45,3.26
789,9,864.49,501,12,40,46,3.88
790,9,4115.04,884,26,13,42,7.41
791,1,2974.73,890,30,15,29,1.27
792,5,3272.92,350,40,22,33,1.33
793,9,555.09,825,47,26,39,7.51
794,9,680.6,728,17,29,20,3.01
795,2,4563.72,725,48,36,41,5.58
796,3,174.35,708,50,48,45,8.09
797,10,3649.18,740,15,24,27,2.6
798,8,3733.64,806,10,33,20,4.98
799,4,2118.16,171,36,42,13,1.15
800,8,2865.71,414,29,15,35,4.12
801,2,4549.49,815,11,10,45,3.12
802,3,194.15,853,27,46,16,1.89
803,10,971.79,954,11,35,21,4.97
804,5,3785.23,326,14,23,35,4.16
805,4,1575.01,76,50,29,44,7.14
806,7,3951.22,706,21,42,29,5.93
807,9,1294.33,895,16,28,29,7.87
808,10,1703.93,837,35,48,11,0.77
809,6,4331.8,143,27,29,35,1.74
810,10,134.24,122,16,11,12,7.75
811,5,170.53,793,46,10,10,7.39
812,10,101.74,399,25,19,18,7.33
813,5,4693.94,724,14,50,47,3.92
814,4,2875.16,862,15,48,27,9.03
815,2,2495.39,324,45,34,42,9.55
816,6,3856.28,538,44,13,22,0.84
817,8,929.08,475,14,27,24,5.36
818,2,2405.19,511,28,32,35,0.78
819,4,492.21,958,49,15,23,4.84
820,1,2641.93,284,27,23,50,6.29
821,7,3454.68,201,21,33,29,2.17
822,1,4902.01,70,21,25,49,1.54
823,5,4431.36,771,30,28,45,7.69
824,5,3081.36,210,31,48,13,8.85
825,6,4915.94,76,24,39,37,3.42
826,1,4603.32,946,11,29,25,2.78
827,10,665.63,581,25,21,48,6.33
828,1,280.18,331,25,40,46,8.24
829,1,4298.68,500,16,29,19,0.44
830,9,2736.07,735,27,16,32,5.99
831,2,4906.78,125,14,11,45,7.24
832,3,1388.55,880,48,48,20,3.91
833,1,4685.61,416,43,30,50,1.38
834,8,3087.11,969,24,49,34,3.04
835,4,4399.31,644,14,23,32,0.29
836,6,3028.31,196,44,28,28,4.13
837,5,1445.85,316,24,43,31,3.82
838,6,4984.7,349,29,28,14,5.47
839,1,479.38,656,23,17,26,7.14
840,6,1245.13,511,34,24,46,1.15
841,3,732.34,966,44,47,18,2.44
842,4,1349.12,23,23,23,39,6.61
843,6,4430.07,753,44,45,48,1.58
844,5,29.83,968,26,32,47,6.23
845,7,404.74,531,43,21,21,1.05
846,9,4719.99,792,18,32,20,7.37
847,7,2995.27,897,43,16,16,8.31
848,4,1203.29,134,41,34,24,6.33
849,7,1130.48,11,38,48,29,2.14
850,2,4333.36,254,40,10,36,0.81
851,1,1637.17,967,40,14,19,3.6
852,1,1205.81,825,45,19,21,2.02
853,6,1546.69,463,10,35,41,1.87
854,8,1033.71,82,30,39,47,9.92
855,7,4678.57,150,34,49,10,0.35
856,4,3743.9,333,21,17,50,6.65
857,5,420.56,670,42,21,15,7.92
858,1,4131.2,100,32,21,28,2.59
859,1,2913.62,727,49,49,21,6.59
860,8,2850.85,141,15,35,40,7.25
861,8,4615.89,62,34,46,39,0.99
862,7,2835.74,501,16,50,46,1.13
863,2,2249.56,399,26,33,48,4.97
864,4,1263.94,867,38,10,22,1.27
865,3,4118.82,310,12,26,40,7.14
866,1,3637.83,374,40,35,47,7.97
867,6,1364.61,723,29,33,32,6.76
868,10,3324.83,436,49,10,18,1.15
869,7,3287.71,366,19,29,37,2.1
870,4,3568.75,623,26,17,48,5.1
871,6,4390.67,3,23,14,45,8.21
872,8,1706.49,474,38,39,45,8.44
873,3,4852.37,43,20,32,34,5.82
874,6,2537.64,175,33,23,40,1.15
875,9,2762.24,428,24,39,49,8.42
876,1,1654.44,854,38,15,48,0.55
877,5,3610.75,895,12,50,33,5.98
878,9,4081.39,660,26,26,26,3.32
879,7,528.38,827,19,35,17,6.03
880,7,4151.03,585,32,14,37,0.63
881,3,439.14,773,19,18,31,6.02
882,6,1204.67,701,27,14,42,5.64
883,10,4952.48,316,32,10,21,3.37
884,10,2575.3,409,15,37,23,4.58
885,1,1231.15,971,34,12,30,4.62
886,2,1244.94,511,48,22,39,9.78
887,3,4427.85,709,13,34,24,7.03
888,9,2959.39,992,24,21,30,1.58
889,4,4560.59,885,35,47,34,3.47
890,10,4940.84,449,18,31,27,2.78
891,3,393.21,365,28,15,31,4.19
892,1,593.22,661,16,19,30,9.77
893,8,3349.95,83,41,49,17,7.23
894,4,2346.35,266,18,23,38,9.15
895,4,314.42,944,32,16,50,5.66
896,8,4990.43,178,40,46,11,9.17
897,4,681.15,247,47,32,47,7.26
898,6,565.51,974,47,47,17,3.86
899,2,4945.74,652,49,35,34,8.35
900,3,1672.91,775,50,25,17,5.69
901,10,323.37,709,40,13,27,6.34
902,10,909.56,631,28,18,29,0.12
903,5,4430.56,987,38,30,42,1.79
904,1,2665.8,153,25,45,36,7.97
905,10,4925.9,451,31,24,13,0.63
906,10,4388.04,348,18,26,25,3.97
907,8,3816.17,346,42,23,42,1.71
908,4,4390.84,949,32,35,33,8.12
909,9,3822.77,620,45,36,18,6.2
910,9,3079.12,68,50,39,25,6.2
911,8,4102.93,117,18,45,31,4.82
912,8,443.59,557,36,36,41,7.65
913,2,2308.79,200,23,33,40,7.37
914,6,3598.71,615,27,23,45,8.55
915,8,892.88,531,15,15,30,8.41
916,1,1028.16,162,19,42,17,9.35
917,10,3670.13,292,35,41,41,3.77
918,7,582.93,583,49,19,37,1.39
919,9,4716.07,386,13,22,41,1.63
920,8,1781.21,627,38,26,35,2.48
921,5,1354.57,209,16,46,18,9.6
922,8,1938.93,800,23,33,18,3.27
923,9,4928.53,167,16,12,23,6.7
924,10,1347.84,182,36,35,21,8.4
925,6,4583.87,139,18,33,11,5.65
926,3,1444.22,362,27,29,11,2.73
927,5,3123.94,990,23,10,16,1.95
928,10,3516.98,946,29,38,26,6.11
929,1,3668.26,679,49,49,26,1.48
930,9,906.27,578,27,31,37,3.48
931,4,4328.76,587,19,43,32,5.31
932,9,1758.4,464,21,28,16,2.37
933,8,4190.62,320,29,13,22,0.36
934,3,4860.81,433,49,32,30,9.75
935,4,4538.29,599,15,20,49,1.28
936,9,4417.19,520,11,28,40,5.62
937,7,2155.29,816,36,21,21,2.31
938,9,447.09,641,15,10,21,9.11
939,2,3836.28,786,41,16,27,8.12
940,8,1786.27,127,14,39,41,7.36
941,10,1199.41,980,23,22,42,5.37
942,8,536.72,52,28,49,45,5.05
943,3,2401.61,999,31,18,28,4.44
944,8,4868.13,446,10,41,28,2.82
945,6,3029.9,389,16,17,14,6.86
946,9,2663.64,913,13,36,31,7.88
947,4,766.53,266,39,24,26,5.23
948,6,885.41,978,36,18,22,9.06
949,7,4902.97,285,23,35,19,1.8
950,9,1861.94,734,19,48,18,0.66
951,9,4981.31,377,12,23,24,8.51
952,9,448.49,394,37,43,38,5.51
953,2,1019.27,264,40,26,36,0.22
954,5,572.86,573,12,12,33,7.59
955,3,4763.22,968,18,12,48,2.73
956,6,634.62,707,18,44,39,2.7
957,10,417.51,502,15,21,41,0.68
958,7,2789.39,862,21,45,37,8.97
959,5,1525.59,611,24,43,27,1.72
960,1,2302.54,706,20,26,15,6.01
961,2,4039.18,694,47,10,31,8.12
962,2,3074.61,561,14,23,29,6.88
963,7,3144.29,863,31,22,47,6.07
964,7,743.22,366,43,20,36,1.31
965,7,3393.25,623,37,16,19,7.95
966,10,2086.47,824,38,40,12,8.72
967,6,816.47,818,18,49,25,0.73
968,6,3666.67,670,29,16,39,2.78
969,3,3615.05,780,39,25,47,6.15
970,2,2119.94,875,35,49,17,3.04
971,8,86.71,789,32,34,13,3.32
972,10,3857.76,219,46,35,31,8.17
973,2,2277.34,340,32,15,10,6.11
974,7,4760.99,841,34,45,11,7.41
975,7,2857.17,172,24,24,29,7.04
976,5,258.32,844,50,35,31,5.13
977,9,2182.91,799,27,15,17,8.2
978,3,1747.44,918,45,44,33,0.86
979,7,4584.46,515,22,19,48,4.15
980,6,117.17,429,40,30,43,3.68
981,4,3516,527,43,17,20,8.43
982,3,893.91,96,44,16,41,7.14
983,9,1694.87,453,28,12,24,1.14
984,2,93.82,739,47,15,40,8.38
985,8,816.81,236,38,19,15,5.97
986,3,2486.44,80,33,37,41,5.81
987,4,3686.88,236,23,32,44,5.51
988,8,2258.06,274,37,35,18,3.72
989,8,4375.25,294,31,20,10,9.38
990,4,4658.73,167,38,43,41,4.56
991,5,1777.06,337,50,16,49,6.63
992,6,2093.69,567,29,24,26,2.44
993,8,4951.28,849,37,37,49,5.66
994,9,1175.18,275,10,40,43,5.82
995,8,556.1,339,34,44,21,9.76
996,5,4597.69,394,14,46,25,8.56
997,10,4010.49,324,41,20,24,2.61
998,1,1259.78,376,12,44,34,1.23
999,6,2739.92,588,42,20,19,3.14
1000,6,4551.28,698,16,36,14,2.92
1001,1,1080.83,990,34,33,13,8.19
1002,4,1401.06,476,36,36,42,1.07
1003,5,718.66,236,25,45,36,6.74
1004,8,2335.74,117,29,32,46,0.61
1005,10,2521.24,945,37,17,14,0.91
1006,6,987.02,658,33,16,35,9.94
1007,9,3841.36,864,30,26,22,0.63
1008,4,4326.21,209,34,45,41,1.82
1009,7,3391.26,464,28,31,35,5.08
1010,1,1676.2,400,18,39,27,5.14
1011,9,2338.03,524,37,15,10,8.12
1012,10,3237.24,503,41,48,10,5.98
1013,7,1426.55,225,24,44,10,2.93
1014,8,4294.98,179,49,50,35,9.65
1015,3,3401.26,97,45,46,24,9.7
1016,1,3015.37,5,40,47,21,5.02
1017,8,4628.06,387,47,33,42,3.22
1018,1,1790.32,596,18,37,11,8.29
1019,10,370.93,293,29,40,12,5.84
1020,5,3209.97,614,13,32,16,2.55
1021,3,3620.73,62,47,27,27,8.93
1022,4,1129.55,483,28,19,28,7.65
1023,5,4845.71,412,15,22,16,1.39
1024,1,4115.87,484,36,14,22,5.22
1025,3,960.72,538,15,37,26,6.54
1026,5,985.34,326,30,21,11,1.33
1027,5,1516.41,16,17,34,49,7.56
1028,3,317.66,626,31,27,46,0.75
1029,1,4581.77,408,50,17,27,4.16
1030,8,1813.24,491,27,32,15,8.18
1031,9,3531.65,78,34,24,27,8.98
1032,4,56.32,12,12,34,35,9.82
1033,6,1773.48,801,42,39,28,4.32
1034,8,4892.74,141,10,10,12,2.02
1035,7,4727.09,785,11,13,25,3.09
1036,1,1627.91,885,24,31,45,0.81
1037,10,1709.46,891,45,36,44,1.86
1038,4,1880.18,385,13,27,25,9.16
1039,7,4000.12,668,28,10,30,1.79
1040,10,1270.45,778,31,39,21,2.49
1041,4,1727.12,305,49,22,39,7.97
1042,2,3913.37,655,14,48,43,8.48
1043,4,1310.27,130,27,23,25,4.01
1044,4,4010.97,104,21,18,11,0.66
1045,7,512,391,15,49,25,7.92
1046,4,2716.96,704,35,48,26,6.84
1047,9,1273.03,63,15,41,44,7.97
1048,10,4390.24,945,33,42,10,1.26
1049,7,3451.39,764,16,40,42,2.36
1050,5,2162.35,621,42,48,49,6.86
1051,9,4013.56,881,27,15,17,2.97
1052,5,1822.1,749,22,30,31,1.35
1053,5,4875.81,846,28,32,42,5.42
1054,8,890.45,277,20,11,25,6.15
1055,4,4734.67,392,46,19,14,8.27
1056,10,4187.89,221,50,41,13,7.33
1057,2,2664.76,884,24,16,33,7.28
1058,4,1302.26,957,42,50,27,2.13
1059,10,734.43,293,44,20,42,6.6
1060,9,1528.4,612,32,30,14,8.52
1061,5,3899.13,198,48,24,35,4.76
1062,6,4903.9,622,33,27,16,0.35
1063,5,3133.47,604,42,33,46,4.55
1064,7,1177.74,975,34,49,40,4.91
1065,9,3519.27,756,30,14,21,3.79
1066,10,2235.98,514,31,43,32,4.44
1067,8,1694.23,545,16,17,30,3.69
1068,6,3603.85,890,46,25,22,3.95
1069,10,181.95,912,27,23,16,9.55
1070,6,3463.52,722,24,15,28,1.65
1071,10,2298.62,652,10,14,36,2.53
1072,2,2416.62,439,49,29,24,1.74
1073,2,830.5,675,30,41,20,7.49
1074,8,3614.3,376,46,20,36,2.44
1075,10,2249.08,680,39,17,28,7.75
1076,9,610.84,873,37,16,38,8.83
1077,5,2060.1,648,34,45,10,0.19
1078,1,2941.23,909,33,48,26,1.75
1079,6,385.65,131,43,42,29,5.6
1080,7,805.64,370,37,46,34,7.95
1081,10,4466.87,789,33,25,45,1.35
1082,2,4856.3,337,14,45,37,6.02
1083,6,337.25,239,26,37,20,2.25
1084,6,1335.33,372,25,34,27,7.83
1085,1,962.69,575,41,22,19,5.54
1086,4,407.67,126,19,24,44,5.89
1087,4,3575.25,963,17,21,21,5.42
1088,8,272.36,581,31,45,16,5.05
1089,6,2464.27,431,27,44,12,3.54
1090,9,2285.6,621,39,10,17,2.65
1091,10,4378.08,938,24,12,32,3.83
1092,1,1873.88,865,21,33,12,9.85
1093,7,4610.32,34,19,18,25,5.06
1094,6,306.18,82,47,42,34,6.01
1095,4,857.31,880,32,49,34,3.26
1096,8,210.98,629,48,11,15,9.06
1097,5,1324.76,54,45,18,22,5.75
1098,8,4355.41,792,15,18,33,0.53
1099,8,688.64,868,25,41,43,6.88
1100,6,2756.25,69,19,29,13,6.65
1101,3,4764.35,585,13,12,44,6.54
1102,9,4396.16,688,50,40,28,5.16
1103,2,4718.62,255,13,28,14,0.88
1104,10,3383.2,265,21,15,19,4.74
1105,4,2319.09,366,28,32,29,2
1106,4,4378.85,688,35,43,19,8.35
1107,2,2531.12,243,19,11,28,0.2
1108,6,4352.12,966,36,31,16,9.16
1109,4,206.47,299,45,23,50,3.56
1110,8,1849.39,284,21,42,14,9.98
1111,4,1284.28,245,41,15,33,6.95
1112,5,62.48,665,31,24,31,6.9
1113,5,4776.23,861,42,32,13,7.62
1114,5,4657.87,173,26,30,40,5.66
1115,7,1332.05,517,49,23,33,3.56
1116,6,589.73,287,27,24,25,8.01
1117,2,2699.11,215,20,18,43,7.16
1118,1,2777.64,859,11,27,41,0.54
1119,3,3105.53,591,14,41,29,4.3
1120,2,15.13,850,11,44,13,6.05
1121,1,714.41,814,45,17,47,4.16
1122,5,4604.01,512,37,31,34,0.93
1123,10,1977.23,663,35,41,50,2.58
1124,2,4871.18,89,50,46,22,3.89
1125,5,2038.94,899,11,34,49,5.4
1126,3,1140.6,220,35,39,15,4.21
1127,6,2647.26,414,21,39,43,0.25
1128,4,1334.47,752,11,25,46,8.66
1129,5,1656.63,257,38,16,17,3.04
1130,10,1812.82,615,17,49,30,5.38
1131,4,2537.66,865,26,34,37,5.09
1132,2,1641.07,821,21,38,27,7.94
1133,9,4024.04,422,48,29,13,0.3
1134,1,632.35,677,34,44,18,4.3
1135,9,3060.33,471,50,35,20,2.08
1136,9,2580.42,437,16,10,43,3.09
1137,10,1769.82,813,47,37,18,0.14
1138,7,523.88,133,33,21,18,2.09
1139,8,1916.55,701,24,46,28,7.31
1140,5,3849.48,385,43,30,21,5.92
1141,4,3591.36,282,15,12,31,7.36
1142,7,2094.58,447,27,29,16,8.94
1143,10,3336.96,697,14,26,21,9.32
1144,4,2685.22,553,17,28,19,7.31
1145,1,1286.92,757,12,28,50,9.64
1146,10,3309.21,49,32,20,41,8.08
1147,2,2840.86,871,11,43,16,4.28
1148,9,3319.08,63,28,19,30,4.73
1149,2,1090.37,435,31,37,39,7.19
1150,7,1986.25,591,41,49,49,7.38
1151,1,2628.73,875,13,39,15,6.41
1152,7,260.92,113,24,48,14,0.87
1153,2,524.25,827,13,45,11,0.21
1154,7,1871.92,166,24,49,16,3.76
1155,1,3083.57,489,25,34,18,5.22
1156,10,4629.05,369,34,24,42,0.21
1157,9,2524.04,214,32,20,14,4.67
1158,1,2256.82,594,41,20,24,9.15
1159,7,4765.57,525,44,12,35,4.42
1160,4,4311.51,624,45,18,10,8.51
1161,8,4507.68,534,18,22,32,7.14
1162,9,141.76,446,33,15,34,2.09
1163,10,573.6,182,11,19,10,9.22
1164,8,1613.06,338,10,23,50,2.68
1165,10,3819.45,618,32,12,31,3.09
1166,10,305.49,577,43,34,18,1.77
1167,5,2256.2,812,45,13,48,4.35
1168,1,603.15,464,21,35,17,2.32
1169,2,1988.17,205,32,20,25,7.76
1170,8,1201.42,124,38,44,50,2.37
1171,6,2252.14,891,49,11,40,0.7
1172,8,3066.54,594,18,43,35,6.52
1173,10,2876.48,487,39,14,33,5.73
1174,7,2902.36,409,23,18,29,0.93
1175,10,2581.47,67,42,37,34,9.18
1176,4,3110.04,353,17,39,27,4.34
1177,10,2652.82,903,44,25,37,2.12
1178,7,4208.91,787,32,23,12,9.53
1179,4,1852.54,36,16,30,39,1
1180,1,2781.78,359,16,27,12,2.75
1181,5,3425.26,164,39,11,48,8.55
1182,6,3983.57,282,29,27,26,7.26
1183,10,1285.21,740,29,35,40,2.57
1184,4,3318.65,23,19,32,31,7.51
1185,6,4821.7,230,34,18,46,1.51
1186,1,2688.56,884,29,39,40,2.63
1187,10,2349.41,76,31,38,25,7.41
1188,1,3073.19,982,43,12,16,1.22
1189,7,4127.58,412,33,49,36,1.35
1190,7,3036.35,123,39,25,32,6.99
1191,8,3317.1,198,37,19,16,1.9
1192,3,603.43,372,16,15,25,1.62
1193,3,1198.99,573,50,44,45,3.14
1194,2,3267.34,37,10,47,28,5.36
1195,2,2006.59,906,50,18,16,4.63
1196,10,319.17,90,35,42,11,9.8
1197,9,632.2,617,14,39,45,8.65
1198,4,82.72,11,33,42,37,6.83
1199,7,4795.28,63,26,11,25,4.14
1200,9,34.44,316,11,27,32,5.78
1201,2,3171.88,909,33,12,35,6.12
1202,7,3004.22,51,27,43,26,0.33
1203,9,2023.89,746,27,44,38,1.02
1204,5,4969.98,510,14,25,32,5.45
1205,3,956.06,979,32,48,27,3.09
1206,1,553.49,482,38,41,37,1.06
1207,6,293.39,951,31,25,16,6.25
1208,5,1345.89,631,12,38,32,3.91
1209,8,1233.53,664,48,27,43,7.68
1210,7,4689.86,783,45,44,46,3.15
1211,9,2056.12,901,34,46,28,2.6
1212,10,2755.82,655,27,40,28,7.13
1213,4,2855.78,121,48,17,12,1.95
1214,2,4888.78,964,27,25,24,3.83
1215,9,1060.5,701,49,16,39,0.53
1216,9,3346.42,150,46,35,16,8.4
1217,1,1875.03,577,26,39,21,2.67
1218,4,2024.77,561,33,50,21,1.6
1219,3,2736.23,822,14,10,26,6.62
1220,5,2341.02,552,36,44,46,7.23
1221,7,4124.41,67,42,44,40,2.73
1222,7,1771.23,351,22,19,22,7.21
1223,6,1049.96,786,42,50,26,8.61
1224,4,4781.32,323,46,20,25,7.09
1225,9,1416.33,98,28,21,31,7.67
1226,6,3865.16,902,45,11,16,2.53
1227,4,2184.83,527,17,25,36,3.17
1228,6,2593.18,284,25,49,43,1.99
1229,10,355.02,957,49,25,47,0.42
1230,5,959.07,217,20,38,45,6.36
1231,7,4855.88,33,39,16,46,3.45
1232,9,2698.98,428,12,46,47,0.71
1233,4,3285.24,370,19,18,23,5.34
1234,10,1832.56,991,47,37,13,1.59
1235,1,2689.95,845,49,49,33,9.94
1236,7,1486.71,1,35,17,47,9.08
1237,7,712.67,105,46,20,22,9.61
1238,10,3466.4,569,47,43,40,7.59
1239,2,1505.92,649,13,38,18,8.58
1240,4,2662.13,105,36,29,29,9.91
1241,4,1663.4,43,49,29,48,9.48
1242,2,2764.21,481,14,35,26,6.03
1243,4,2870.81,904,42,14,30,6.68
1244,6,2292.62,575,25,23,41,3.48
1245,6,4776.23,442,29,20,39,2.02
1246,4,2888.3,369,11,30,42,9.8
1247,3,3404.14,337,24,35,43,1.2
1248,6,4629.84,300,44,28,32,9.68
1249,4,3700.33,820,45,27,17,5.92
1250,6,2932.65,50,42,47,17,4.6
1251,8,4079.02,254,47,14,21,3.06
1252,1,479.05,117,24,20,28,7.33
1253,7,2127.48,852,29,21,32,2.92
1254,2,2983.86,555,46,32,19,7.89
1255,9,2247.01,257,13,44,34,1.95
1256,1,92.48,547,44,28,26,4.99
1257,1,3953.33,369,15,11,48,6.35
1258,8,2586.78,492,50,19,20,8.51
1259,8,1905.96,339,44,47,45,4.36
1260,7,3211.48,176,12,40,48,3.77
1261,1,4001.33,513,29,36,32,8.17
1262,4,1219.64,267,46,50,20,6.75
1263,7,699.5,865,17,11,48,9.57
1264,2,2496.35,105,35,17,30,5.94
1265,10,394.28,188,29,34,33,7.01
1266,9,4700.88,301,47,35,24,7.01
1267,4,383.2,821,22,41,49,1.59
1268,10,2558.8,442,39,33,26,7.25
1269,2,4433.42,635,18,13,37,1.93
1270,9,1659.34,207,43,21,11,3.97
1271,2,1687.57,302,45,27,43,2.26
1272,3,2851.58,775,16,18,43,8.06
1273,8,4405.39,383,32,36,21,0.79
1274,5,1339.11,55,43,42,17,5.91
1275,2,4340.75,363,49,30,37,8.84
1276,8,917.29,769,25,15,33,6.06
1277,9,4020.12,837,11,40,33,6.61
1278,6,3057.68,962,38,14,40,0.84
1279,1,3142.33,26,37,43,22,6.17
1280,1,1765,119,30,14,48,9.71
1281,9,2911.37,42,23,49,49,2.76
1282,5,1755.68,906,14,30,29,7.9
1283,5,2472.15,604,37,34,30,3.3
1284,8,1999,741,25,25,38,8.54
1285,10,1526.69,111,36,27,20,3.76
1286,2,1533.37,646,20,36,21,0.64
1287,3,2465.08,797,12,48,20,8.27
1288,7,2060.85,889,12,19,24,5.56
1289,9,1395.9,781,36,19,34,0.74
1290,7,1306.67,165,35,37,38,8.87
1291,9,4868.24,227,30,45,24,3.82
1292,2,3116.01,168,18,21,23,2.88
1293,5,3136.08,37,49,22,23,9.49
1294,9,4507.91,512,21,29,20,0.66
1295,1,2877.63,1000,38,39,29,8.9
1296,8,72.09,764,30,46,40,6.39
1297,1,2637.45,534,20,28,39,8.53
1298,10,2990.12,514,13,20,13,4.86
1299,2,829.67,119,16,26,27,8
1300,2,506.89,381,32,46,38,8.43
1301,2,124.49,638,24,47,31,8.89
1302,1,1041.04,392,43,33,38,7.38
1303,8,116.61,70,37,29,19,9.04
1304,8,4556.31,114,21,15,37,1.31
1305,1,1613.53,264,12,27,42,3.93
1306,2,3589.31,692,16,30,15,7.28
1307,7,2439.7,806,22,31,44,0.77
1308,6,4255.38,817,24,22,30,5.32
1309,10,2430.35,432,49,21,29,1.44
1310,2,4848.88,763,23,37,26,2.74
1311,5,4812.35,387,43,42,25,8.77
1312,9,60.9,598,35,32,31,2.53
1313,2,1177.76,379,17,49,35,4.62
1314,2,1558.84,74,46,44,13,9.52
1315,4,4615.52,42,17,39,29,7.53
1316,7,267.92,91,27,48,16,7.37
1317,1,2539.32,580,35,16,40,7.33
1318,9,790.11,718,42,29,27,1.83
1319,7,2145.24,747,10,19,44,0.75
1320,3,537.45,726,48,29,29,5.1
1321,7,859.04,75,32,25,32,0.25
1322,4,2987.92,208,33,28,20,4.63
1323,6,2691.12,982,35,34,16,6.23
1324,8,149.9,926,33,49,27,2.67
1325,1,774.32,653,37,17,47,2.55
1326,10,692.45,679,32,50,40,8
1327,10,844.77,800,15,45,19,5.37
1328,1,889.19,920,13,22,24,6.63
1329,8,431.73,374,50,38,12,3.16
1330,2,4637.11,407,30,45,20,3.71
1331,2,1959.48,72,46,27,26,5.06
1332,5,3070.86,576,32,37,25,7.67
1333,4,4909.73,616,12,46,25,2.26
1334,4,4929.57,929,25,13,16,9.89
1335,9,4306.94,154,31,33,33,2.79
1336,5,3416.69,866,47,47,46,4.22
1337,4,313.51,559,42,31,46,2.47
1338,5,91.56,142,42,22,21,2.6
1339,5,1210.27,526,28,50,29,7.55
1340,1,3531.85,504,31,18,22,7.09
1341,3,3973.37,691,14,44,20,0.72
1342,9,3514.06,980,48,38,11,5.6
1343,10,4226.46,831,38,36,11,9.16
1344,4,139.82,430,49,44,26,7.27
1345,10,744.54,480,38,45,30,2.66
1346,3,3930,730,45,24,31,9.46
1347,9,4919.47,835,28,31,27,8.71
1348,2,4521.26,413,27,45,23,7.47
1349,6,3908.36,298,10,18,23,1.93
1350,10,750.25,154,35,20,42,8.43
1351,9,1102.04,310,25,47,17,1.69
1352,9,4798.77,527,14,41,27,4.23
1353,7,13.44,87,47,26,31,9.6
1354,7,873.56,356,13,48,39,8.61
1355,3,4089.33,634,48,29,34,3.44
1356,8,2818.34,335,49,12,47,0.95
1357,4,4800.4,506,50,24,41,5.01
1358,7,1557.39,40,23,24,30,0.52
1359,6,3459.03,858,38,26,49,6.64
1360,5,4543.63,148,49,16,25,2.58
1361,7,432.24,920,30,10,29,9.04
1362,1,572.29,765,10,12,36,6.52
1363,7,4981.24,291,25,27,10,2.38
1364,4,3643.16,636,37,32,12,0.28
1365,7,559.2,188,45,34,11,2.73
1366,10,4050.72,396,25,32,29,3.6
1367,10,4192.93,518,16,18,26,9.61
1368,9,3344.29,199,36,13,27,7.65
1369,10,2389.91,314,36,17,15,1.54
1370,8,1738.42,994,20,28,36,1.97
1371,4,4884.14,659,12,50,31,2.82
1372,4,3345.62,871,24,50,19,8.39
1373,5,3575.24,543,37,10,33,8.34
1374,10,2722.96,64,36,42,47,8.32
1375,4,370.11,381,29,27,43,3.62
1376,5,1736.15,208,37,49,13,9.85
1377,3,2525.9,354,35,41,10,3.22
1378,9,3090.8,193,35,32,12,7.3
1379,3,789.06,184,34,36,14,1.07
1380,4,273.03,549,27,47,23,8.57
1381,9,4341.74,375,16,35,47,8.61
1382,10,2148.27,162,33,36,48,2.71
1383,5,4773.59,896,45,22,21,6.04
1384,5,825.13,319,24,43,34,1.96
1385,6,2936.23,476,49,16,45,0.43
1386,8,3634.15,416,12,22,20,9.06
1387,2,2800.93,105,16,25,50,3.4
1388,6,215.13,864,35,39,35,4.13
1389,3,804.76,624,40,24,11,0.75
1390,5,2886.39,688,45,39,46,2.43
1391,3,4127.36,688,35,36,12,6.75
1392,5,2903.26,130,28,29,15,7.23
1393,1,4681.04,821,43,44,19,1.69
1394,8,4657.92,564,40,19,17,4.12
1395,8,3273.59,45,28,38,30,0.43
1396,9,2023.57,679,39,28,36,2.64
1397,6,863.8,725,40,49,48,6.35
1398,2,453.07,750,43,16,10,1.67
1399,10,4643.49,181,40,23,21,8
1400,10,1866.97,789,50,44,49,1.48
1401,6,1717.64,421,12,30,31,1.78
1402,6,239.5,448,11,25,38,8.32
1403,1,3096.81,812,41,28,29,8.39
1404,5,3701.24,465,20,31,49,0.75
1405,10,2673.68,576,36,24,28,1.47
1406,3,697.16,559,36,32,13,2.19
1407,1,3356.62,874,15,50,14,8.22
1408,1,2248.97,883,49,12,47,7.36
1409,3,3593.33,875,26,30,44,5.13
1410,3,1132.86,679,45,31,28,1.69
1411,8,4020.79,860,13,39,12,8.97
1412,2,2380.83,51,29,42,36,6.39
1413,1,4768.47,377,23,27,45,4.59
1414,7,304.83,778,10,21,10,0.26
1415,5,2618.68,934,19,21,39,8.71
1416,9,451.13,981,48,23,45,9.24
1417,1,3506.06,422,11,36,16,6.59
1418,2,1730.98,579,35,45,44,1.49
1419,8,1858.67,797,44,45,23,9.65
1420,1,4575.99,665,33,28,42,6.32
1421,3,288.33,60,19,41,12,5.45
1422,3,68.4,962,46,31,33,3.95
1423,10,3451.29,827,20,13,28,0.84
1424,6,4216.83,673,18,36,29,7.27
1425,5,2502.41,9,17,26,23,4.12
1426,10,1219.31,623,40,25,32,4.52
1427,9,1637.92,525,34,15,46,2.19
1428,5,2566.07,988,21,28,33,1.52
1429,7,3809.84,193,47,48,45,9.61
1430,5,327.94,540,46,36,26,8.55
1431,7,2504.94,636,27,24,26,7.78
1432,10,3236.66,972,40,18,24,3.78
1433,8,3059.34,999,42,41,34,6.62
1434,8,4998.78,127,21,16,16,2.18
1435,6,4474.29,979,48,23,12,3.64
1436,5,1627.41,726,12,14,19,6.8
1437,3,4278.97,519,43,44,16,3.96
1438,8,1886.42,608,26,16,31,1.09
1439,4,1226.79,507,15,18,37,2.87
1440,5,2962.32,979,10,41,14,1.85
1441,4,432.8,574,33,26,48,5.9
1442,3,4394.39,616,22,43,31,9.64
1443,9,2431.87,621,18,35,30,8.39
1444,3,2568.58,33,47,36,25,6.33
1445,10,2342.26,341,25,33,32,9.24
1446,8,3197.25,881,49,21,44,2.34
1447,9,2666.05,530,33,18,34,3.2
1448,4,809.19,642,14,39,23,9.2
1449,5,2075,710,21,44,10,8.34
1450,4,4603.6,598,33,31,46,7.1
1451,3,3606,856,37,15,10,0.91
1452,3,735.65,703,15,37,28,8.2
1453,6,716.73,707,37,33,26,5.22
1454,6,209.47,812,29,45,31,3.34
1455,7,2679.57,919,30,22,42,2.71
1456,9,2114.68,656,11,34,21,3.78
1457,4,717.42,571,27,43,21,9.83
1458,2,2981.63,700,31,10,12,3.68
1459,10,1.21,104,32,30,33,2.05
1460,2,572.55,48,42,36,41,9.23
1461,2,3735.02,477,27,22,25,2.81
1462,9,1519.05,683,32,29,21,4.7
1463,2,522.77,720,29,11,24,9.61
1464,10,430.58,30,27,43,12,7.43
1465,4,3507.84,168,11,37,37,8.1
1466,7,3673.68,370,28,24,21,2.52
1467,9,4377.66,361,21,35,35,1.65
1468,10,4005.71,918,38,25,37,8.92
1469,10,3005.05,80,27,27,44,9.79
1470,8,4811.8,119,21,28,24,5.86
1471,7,1042.27,561,49,47,14,4.76
1472,2,4969.93,569,22,44,15,8.98
1473,7,4534.47,411,42,42,49,5.51
1474,9,132.07,393,39,33,36,0.5
1475,3,4765.46,235,25,22,10,1.03
1476,10,2451.95,229,28,42,12,7.24
1477,8,230.32,738,31,25,39,4.29
1478,10,3566.01,387,37,22,14,8.84
1479,7,4031.75,497,31,31,13,3
1480,2,2436.95,891,25,14,20,7.74
1481,2,465.56,622,33,18,30,1.37
1482,7,696.59,57,28,47,46,6.99
1483,5,3267.26,144,38,20,29,3.26
1484,1,1591.57,428,49,15,29,7.3
1485,3,4170.14,524,28,12,12,2.84
1486,4,535.21,518,15,13,38,2.49
1487,9,3955.16,485,15,11,28,5.91
1488,3,762.48,742,16,43,42,8.6
1489,9,4283.79,485,10,12,18,5.2
1490,5,2852.24,693,17,11,19,4.3
1491,3,2732.86,989,45,31,22,6.17
1492,7,3713.53,114,37,22,17,2.96
1493,5,3401.22,754,21,48,18,7.37
1494,9,3065.85,766,32,14,11,2.22
1495,1,1324.1,45,40,38,41,3.38
1496,10,1013.31,34,15,22,29,3.25
1497,4,4083.24,476,39,15,38,1.93
1498,10,763.76,345,45,11,31,8.7
1499,2,4573.12,682,25,13,29,3.8
1500,8,1790.24,991,50,46,24,9.89
